first_name,last_name,email,username,password
Igor,Jurek,ijurek0@mapquest.com,ijurek0,cLicBgosu4e
Sibel,Rutledge,srutledge1@globo.com,srutledge1,QSh66n241T
Evin,Andrivot,eandrivot2@a8.net,eandrivot2,AFlGdI
Rodge,Exton,rexton3@technorati.com,rexton3,S8MDUcgGoDt6
Care,Tallet,ctallet4@tiny.cc,ctallet4,UreAtgfF
Karon,Lansberry,klansberry5@domainmarket.com,klansberry5,UmarlZ
Fay,Kroin,fkroin6@ow.ly,fkroin6,8exHwDmQzFLG
Kakalina,Tollady,ktollady7@state.tx.us,ktollady7,6C9Q3ff
Constance,Skrzynski,cskrzynski8@homestead.com,cskrzynski8,MPr2xok7HOR3
Lorianne,Westney,lwestney9@surveymonkey.com,lwestney9,TKFmiewFNmQ
sam,ortega,yep@gmail.com,sam,word
new,name,new@yep.nope,nuevo,haha
